admin		f3f49e4203
WebAppAdmin	167affdbc2
user_type1_0	c051e0f10f
user_type1_1	e0dffb4c53
user_type1_2	2c4d5902ff
user_type1_3	c61f046b03
user_type1_4	b24d326727
user_type2_0	d5f8633d87
user_type2_1	6a22a7c1a2
user_type2_2	1958c7cfed
user_type2_3	a31f5fcccd
user_type2_4	f2816414fb
user_type4_0	3450f0d2ad
user_type4_1	7086957785
user_type4_2	c187b81421
user_type4_3	03238fee1a
user_type4_4	b96dc80161
user_type8_0	6afe8d1bb8
user_type8_1	165fe0adc4
user_type8_2	cb5d1c299d
user_type8_3	1da6a20b1b
user_type8_4	a8fe9eb50b
2fc4262b02872612a52fc38048030f6867b5da18b0524c5497a014090b7218d5b452032fcf2ff9f7ed84f595202d28afbefd57283b98ca668b2e3372aa9a47f6
